{"anatomy": 0.6592592592592592, "all": 0.6592592592592592}