{"anatomy": 0.6518518518518519, "all": 0.6518518518518519}