{
    "task_name": "anatomy",
    "plain_acc": 0.6492537313432836,
    "rag_acc": 0.664179104477612
}