{
    "task_name": "college_biology",
    "plain_acc": 0.7692307692307693,
    "rag_acc": 0.7692307692307693
}