{
    "task_name": "nutrition",
    "plain_acc": 0.7213114754098361,
    "rag_acc": 0.7081967213114754
}