{
    "task_name": "prehistory",
    "plain_acc": 0.7151702786377709,
    "rag_acc": 0.7708978328173375
}