{
    "task_name": "jurisprudence",
    "plain_acc": 0.7663551401869159,
    "rag_acc": 0.8130841121495327
}