{
    "task_name": "machine_learning",
    "plain_acc": 0.42342342342342343,
    "rag_acc": 0.45045045045045046
}