{
    "task_name": "us_foreign_policy",
    "plain_acc": 0.8181818181818182,
    "rag_acc": 0.8686868686868687
}