{
    "task_name": "philosophy",
    "plain_acc": 0.7096774193548387,
    "rag_acc": 0.7451612903225806
}