{
    "task_name": "computer_security",
    "plain_acc": 0.7272727272727273,
    "rag_acc": 0.8080808080808081
}