{
    "task_name": "econometrics",
    "plain_acc": 0.4690265486725664,
    "rag_acc": 0.4690265486725664
}