{
    "task_name": "college_chemistry",
    "plain_acc": 0.41414141414141414,
    "rag_acc": 0.46464646464646464
}