{
    "task_name": "astronomy",
    "plain_acc": 0.7284768211920529,
    "rag_acc": 0.7615894039735099
}