{
    "task_name": "virology",
    "plain_acc": 0.49696969696969695,
    "rag_acc": 0.47878787878787876
}